-- phpMyAdmin SQL Dump
-- version 4.8.2
-- https://www.phpmyadmin.net/
--
-- Host: 127.0.0.1:3307
-- Generation Time: Aug 18, 2019 at 03:31 AM
-- Server version: 10.1.34-MariaDB
-- PHP Version: 7.2.7

SET SQL_MODE = "NO_AUTO_VALUE_ON_ZERO";
SET AUTOCOMMIT = 0;
START TRANSACTION;
SET time_zone = "+00:00";


/*!40101 SET @OLD_CHARACTER_SET_CLIENT=@@CHARACTER_SET_CLIENT */;
/*!40101 SET @OLD_CHARACTER_SET_RESULTS=@@CHARACTER_SET_RESULTS */;
/*!40101 SET @OLD_COLLATION_CONNECTION=@@COLLATION_CONNECTION */;
/*!40101 SET NAMES utf8mb4 */;

--
-- Database: `aftermath`
--

-- --------------------------------------------------------

--
-- Table structure for table `characters`
--

CREATE TABLE `characters` (
  `ID` int(11) NOT NULL,
  `UserID` int(11) NOT NULL,
  `CharacterName` varchar(30) NOT NULL,
  `Picture` varchar(60) DEFAULT NULL,
  `Deceased` tinyint(1) NOT NULL,
  `ActiveGame` int(11) NOT NULL,
  `Background` varchar(30) NOT NULL,
  `Habitat` varchar(30) NOT NULL,
  `Age` tinyint(4) NOT NULL,
  `Sex` varchar(6) NOT NULL,
  `Ethnicity` varchar(20) NOT NULL,
  `HairColor` varchar(30) NOT NULL,
  `HairStyle` varchar(30) NOT NULL,
  `FacialHair` varchar(30) DEFAULT NULL,
  `EyeColor` varchar(20) NOT NULL,
  `SecondLanguage` varchar(20) DEFAULT NULL,
  `ThirdLanguage` varchar(20) DEFAULT NULL,
  `FourthLanguage` varchar(20) DEFAULT NULL,
  `FifthLanguage` varchar(20) DEFAULT NULL,
  `TotalExp` int(11) NOT NULL,
  `RemainingExp` int(11) NOT NULL
) ENGINE=InnoDB DEFAULT CHARSET=latin1;

--
-- Dumping data for table `characters`
--

INSERT INTO `characters` (`ID`, `UserID`, `CharacterName`, `Picture`, `Deceased`, `ActiveGame`, `Background`, `Habitat`, `Age`, `Sex`, `Ethnicity`, `HairColor`, `HairStyle`, `FacialHair`, `EyeColor`, `SecondLanguage`, `ThirdLanguage`, `FourthLanguage`, `FifthLanguage`, `TotalExp`, `RemainingExp`) VALUES
(1, 2, 'Kemosabe', NULL, 1, 0, 'Police Officer', 'Midwest', 34, 'Male', 'Native-American', 'Black', 'short', 'clean shave', 'Hazel', 'testing', 'checking', 'one', 'two', 5050, 5050),
(2, 2, 'Spinks', NULL, 0, 0, 'Farmer', 'Rural Midwest', 29, 'Male', 'Caucasian', 'Black', 'x', 'x', 'Brown', '', '', '', '', 1000, 1000),
(3, 2, 'Pretty Boy Floyd', NULL, 1, 0, 'Farmer', 'Urban South', 25, 'Male', 'Caucasian', 'Black', 'Unkempt', 'Full Beard', 'Hazel', '', '', '', '', 0, 0),
(4, 1, 'Martinez', NULL, 0, 0, 'Military', 'Desert', 33, 'Male', 'Hispanic', 'Black', 'High and Tight', 'Goatee', 'Hazel', '', '', '', '', 99999500, 99999500),
(5, 3, 'Lucille', NULL, 0, 0, 'Scavenger', 'Midwest Urban', 30, 'Female', 'Caucasian', 'Black', 'Long and Wavy', '', 'Blue', '', '', '', '', 0, 0),
(6, 7, 'bind', NULL, 0, 0, 'Gang Member', 'bind', 27, 'Male', 'Caucasian', 'Black', 'bind', 'bind', 'Blue', '', '', '', '', 1000, 1000),
(7, 7, 'gain', NULL, 0, 0, 'Farmer', 'gain', 34, 'Male', 'Caucasian', 'Black', 'gain', 'gain', 'Blue', '', '', '', '', 0, 0),
(8, 1, 'aiden', NULL, 0, 0, 'Outdoorsman', 'Rural midwest', 37, 'Male', 'Caucasian', 'Black', 'uncempt', 'none', 'Dark Brown', '', '', '', '', 0, 0),
(9, 1, 'Asdef', NULL, 0, 0, 'Gang Member', 'sex', 27, 'Male', 'Hispanic', 'Black', 'sex', 'Goatee', 'Dark Brown', '', '', '', '', 0, 0),
(10, 1, 'Shaft', NULL, 0, 0, 'Veteran', 'Suburban East Coast', 30, 'Male', 'African-American', 'Black', 'Shaved', 'Goatee', 'Dark Brown', '', '', '', '', 0, 0),
(11, 1, 'test', NULL, 0, 0, 'Veteran', 'desert', 24, 'Male', 'Caucasian', 'Black', 'test', '', 'Dark Brown', '', '', '', '', 0, 0);

-- --------------------------------------------------------

--
-- Table structure for table `char_abilities`
--

CREATE TABLE `char_abilities` (
  `ID` int(11) NOT NULL,
  `CharacterID` int(11) NOT NULL,
  `AbilityNumber` tinyint(4) NOT NULL,
  `Name` varchar(20) DEFAULT NULL
) ENGINE=InnoDB DEFAULT CHARSET=latin1;

--
-- Dumping data for table `char_abilities`
--

INSERT INTO `char_abilities` (`ID`, `CharacterID`, `AbilityNumber`, `Name`) VALUES
(1, 1, 1, 'Proof'),
(2, 1, 2, 'that'),
(3, 1, 3, 'it'),
(4, 1, 4, 'all'),
(5, 1, 5, 'works'),
(6, 1, 6, 'is'),
(7, 1, 7, 'right'),
(8, 1, 8, 'in'),
(9, 1, 9, 'front'),
(10, 1, 10, 'of'),
(11, 1, 11, 'your'),
(12, 1, 12, 'silly'),
(13, 1, 13, 'mother'),
(14, 1, 14, 'fucking'),
(15, 1, 15, 'doubting'),
(16, 1, 16, 'face'),
(17, 2, 1, NULL),
(18, 2, 2, NULL),
(19, 2, 3, NULL),
(20, 2, 4, NULL),
(21, 2, 5, NULL),
(22, 2, 6, NULL),
(23, 2, 7, NULL),
(24, 2, 8, NULL),
(25, 2, 9, NULL),
(26, 2, 10, NULL),
(27, 2, 11, NULL),
(28, 2, 12, NULL),
(29, 2, 13, NULL),
(30, 2, 14, NULL),
(31, 2, 15, NULL),
(32, 2, 16, NULL),
(33, 3, 1, NULL),
(34, 3, 2, NULL),
(35, 3, 3, NULL),
(36, 3, 4, NULL),
(37, 3, 5, NULL),
(38, 3, 6, NULL),
(39, 3, 7, NULL),
(40, 3, 8, NULL),
(41, 3, 9, NULL),
(42, 3, 10, NULL),
(43, 3, 11, NULL),
(44, 3, 12, NULL),
(45, 3, 13, NULL),
(46, 3, 14, NULL),
(47, 3, 15, NULL),
(48, 3, 16, NULL),
(49, 4, 1, 'STUN'),
(50, 4, 2, 'CRIPPLE'),
(51, 4, 3, 'DISARM (GRAPPLE)'),
(52, 4, 4, ''),
(53, 4, 5, ''),
(54, 4, 6, ''),
(55, 4, 7, ''),
(56, 4, 8, ''),
(57, 4, 9, ''),
(58, 4, 10, ''),
(59, 4, 11, ''),
(60, 4, 12, ''),
(61, 4, 13, ''),
(62, 4, 14, ''),
(63, 4, 15, ''),
(64, 4, 16, ''),
(65, 5, 1, NULL),
(66, 5, 2, NULL),
(67, 5, 3, NULL),
(68, 5, 4, NULL),
(69, 5, 5, NULL),
(70, 5, 6, NULL),
(71, 5, 7, NULL),
(72, 5, 8, NULL),
(73, 5, 9, NULL),
(74, 5, 10, NULL),
(75, 5, 11, NULL),
(76, 5, 12, NULL),
(77, 5, 13, NULL),
(78, 5, 14, NULL),
(79, 5, 15, NULL),
(80, 5, 16, NULL),
(81, 6, 1, ''),
(82, 6, 2, ''),
(83, 6, 3, ''),
(84, 6, 4, ''),
(85, 6, 5, ''),
(86, 6, 6, ''),
(87, 6, 7, ''),
(88, 6, 8, ''),
(89, 6, 9, ''),
(90, 6, 10, ''),
(91, 6, 11, ''),
(92, 6, 12, ''),
(93, 6, 13, ''),
(94, 6, 14, ''),
(95, 6, 15, ''),
(96, 6, 16, ''),
(97, 7, 1, NULL),
(98, 7, 2, NULL),
(99, 7, 3, NULL),
(100, 7, 4, NULL),
(101, 7, 5, NULL),
(102, 7, 6, NULL),
(103, 7, 7, NULL),
(104, 7, 8, NULL),
(105, 7, 9, NULL),
(106, 7, 10, NULL),
(107, 7, 11, NULL),
(108, 7, 12, NULL),
(109, 7, 13, NULL),
(110, 7, 14, NULL),
(111, 7, 15, NULL),
(112, 7, 16, NULL),
(113, 8, 1, NULL),
(114, 8, 2, NULL),
(115, 8, 3, NULL),
(116, 8, 4, NULL),
(117, 8, 5, NULL),
(118, 8, 6, NULL),
(119, 8, 7, NULL),
(120, 8, 8, NULL),
(121, 8, 9, NULL),
(122, 8, 10, NULL),
(123, 8, 11, NULL),
(124, 8, 12, NULL),
(125, 8, 13, NULL),
(126, 8, 14, NULL),
(127, 8, 15, NULL),
(128, 8, 16, NULL),
(129, 9, 1, NULL),
(130, 9, 2, NULL),
(131, 9, 3, NULL),
(132, 9, 4, NULL),
(133, 9, 5, NULL),
(134, 9, 6, NULL),
(135, 9, 7, NULL),
(136, 9, 8, NULL),
(137, 9, 9, NULL),
(138, 9, 10, NULL),
(139, 9, 11, NULL),
(140, 9, 12, NULL),
(141, 9, 13, NULL),
(142, 9, 14, NULL),
(143, 9, 15, NULL),
(144, 9, 16, NULL),
(145, 10, 1, NULL),
(146, 10, 2, NULL),
(147, 10, 3, NULL),
(148, 10, 4, NULL),
(149, 10, 5, NULL),
(150, 10, 6, NULL),
(151, 10, 7, NULL),
(152, 10, 8, NULL),
(153, 10, 9, NULL),
(154, 10, 10, NULL),
(155, 10, 11, NULL),
(156, 10, 12, NULL),
(157, 10, 13, NULL),
(158, 10, 14, NULL),
(159, 10, 15, NULL),
(160, 10, 16, NULL),
(161, 10, 1, NULL),
(162, 10, 2, NULL),
(163, 10, 3, NULL),
(164, 10, 4, NULL),
(165, 10, 5, NULL),
(166, 10, 6, NULL),
(167, 10, 7, NULL),
(168, 10, 8, NULL),
(169, 10, 9, NULL),
(170, 10, 10, NULL),
(171, 10, 11, NULL),
(172, 10, 12, NULL),
(173, 10, 13, NULL),
(174, 10, 14, NULL),
(175, 10, 15, NULL),
(176, 10, 16, NULL),
(177, 12, 1, NULL),
(178, 12, 2, NULL),
(179, 12, 3, NULL),
(180, 12, 4, NULL),
(181, 12, 5, NULL),
(182, 12, 6, NULL),
(183, 12, 7, NULL),
(184, 12, 8, NULL),
(185, 12, 9, NULL),
(186, 12, 10, NULL),
(187, 12, 11, NULL),
(188, 12, 12, NULL),
(189, 12, 13, NULL),
(190, 12, 14, NULL),
(191, 12, 15, NULL),
(192, 12, 16, NULL),
(193, 13, 1, NULL),
(194, 13, 2, NULL),
(195, 13, 3, NULL),
(196, 13, 4, NULL),
(197, 13, 5, NULL),
(198, 13, 6, NULL),
(199, 13, 7, NULL),
(200, 13, 8, NULL),
(201, 13, 9, NULL),
(202, 13, 10, NULL),
(203, 13, 11, NULL),
(204, 13, 12, NULL),
(205, 13, 13, NULL),
(206, 13, 14, NULL),
(207, 13, 15, NULL),
(208, 13, 16, NULL),
(209, 12, 1, NULL),
(210, 12, 2, NULL),
(211, 12, 3, NULL),
(212, 12, 4, NULL),
(213, 12, 5, NULL),
(214, 12, 6, NULL),
(215, 12, 7, NULL),
(216, 12, 8, NULL),
(217, 12, 9, NULL),
(218, 12, 10, NULL),
(219, 12, 11, NULL),
(220, 12, 12, NULL),
(221, 12, 13, NULL),
(222, 12, 14, NULL),
(223, 12, 15, NULL),
(224, 12, 16, NULL),
(225, 15, 1, NULL),
(226, 15, 2, NULL),
(227, 15, 3, NULL),
(228, 15, 4, NULL),
(229, 15, 5, NULL),
(230, 15, 6, NULL),
(231, 15, 7, NULL),
(232, 15, 8, NULL),
(233, 15, 9, NULL),
(234, 15, 10, NULL),
(235, 15, 11, NULL),
(236, 15, 12, NULL),
(237, 15, 13, NULL),
(238, 15, 14, NULL),
(239, 15, 15, NULL),
(240, 15, 16, NULL),
(241, 16, 1, NULL),
(242, 16, 2, NULL),
(243, 16, 3, NULL),
(244, 16, 4, NULL),
(245, 16, 5, NULL),
(246, 16, 6, NULL),
(247, 16, 7, NULL),
(248, 16, 8, NULL),
(249, 16, 9, NULL),
(250, 16, 10, NULL),
(251, 16, 11, NULL),
(252, 16, 12, NULL),
(253, 16, 13, NULL),
(254, 16, 14, NULL),
(255, 16, 15, NULL),
(256, 16, 16, NULL),
(257, 6, 1, ''),
(258, 6, 2, ''),
(259, 6, 3, ''),
(260, 6, 4, ''),
(261, 6, 5, ''),
(262, 6, 6, ''),
(263, 6, 7, ''),
(264, 6, 8, ''),
(265, 6, 9, ''),
(266, 6, 10, ''),
(267, 6, 11, ''),
(268, 6, 12, ''),
(269, 6, 13, ''),
(270, 6, 14, ''),
(271, 6, 15, ''),
(272, 6, 16, ''),
(273, 7, 1, NULL),
(274, 7, 2, NULL),
(275, 7, 3, NULL),
(276, 7, 4, NULL),
(277, 7, 5, NULL),
(278, 7, 6, NULL),
(279, 7, 7, NULL),
(280, 7, 8, NULL),
(281, 7, 9, NULL),
(282, 7, 10, NULL),
(283, 7, 11, NULL),
(284, 7, 12, NULL),
(285, 7, 13, NULL),
(286, 7, 14, NULL),
(287, 7, 15, NULL),
(288, 7, 16, NULL),
(289, 8, 1, NULL),
(290, 8, 2, NULL),
(291, 8, 3, NULL),
(292, 8, 4, NULL),
(293, 8, 5, NULL),
(294, 8, 6, NULL),
(295, 8, 7, NULL),
(296, 8, 8, NULL),
(297, 8, 9, NULL),
(298, 8, 10, NULL),
(299, 8, 11, NULL),
(300, 8, 12, NULL),
(301, 8, 13, NULL),
(302, 8, 14, NULL),
(303, 8, 15, NULL),
(304, 8, 16, NULL),
(305, 9, 1, NULL),
(306, 9, 2, NULL),
(307, 9, 3, NULL),
(308, 9, 4, NULL),
(309, 9, 5, NULL),
(310, 9, 6, NULL),
(311, 9, 7, NULL),
(312, 9, 8, NULL),
(313, 9, 9, NULL),
(314, 9, 10, NULL),
(315, 9, 11, NULL),
(316, 9, 12, NULL),
(317, 9, 13, NULL),
(318, 9, 14, NULL),
(319, 9, 15, NULL),
(320, 9, 16, NULL),
(321, 10, 1, NULL),
(322, 10, 2, NULL),
(323, 10, 3, NULL),
(324, 10, 4, NULL),
(325, 10, 5, NULL),
(326, 10, 6, NULL),
(327, 10, 7, NULL),
(328, 10, 8, NULL),
(329, 10, 9, NULL),
(330, 10, 10, NULL),
(331, 10, 11, NULL),
(332, 10, 12, NULL),
(333, 10, 13, NULL),
(334, 10, 14, NULL),
(335, 10, 15, NULL),
(336, 10, 16, NULL),
(337, 11, 1, NULL),
(338, 11, 2, NULL),
(339, 11, 3, NULL),
(340, 11, 4, NULL),
(341, 11, 5, NULL),
(342, 11, 6, NULL),
(343, 11, 7, NULL),
(344, 11, 8, NULL),
(345, 11, 9, NULL),
(346, 11, 10, NULL),
(347, 11, 11, NULL),
(348, 11, 12, NULL),
(349, 11, 13, NULL),
(350, 11, 14, NULL),
(351, 11, 15, NULL),
(352, 11, 16, NULL);

-- --------------------------------------------------------

--
-- Table structure for table `char_id_marks`
--

CREATE TABLE `char_id_marks` (
  `ID` int(11) NOT NULL,
  `CharacterID` int(11) NOT NULL,
  `Face` varchar(50) DEFAULT NULL,
  `Head` varchar(50) DEFAULT NULL,
  `Neck` varchar(50) DEFAULT NULL,
  `Groin` varchar(50) DEFAULT NULL,
  `Rear` varchar(50) DEFAULT NULL,
  `Stomach` varchar(50) DEFAULT NULL,
  `LowerBack` varchar(50) DEFAULT NULL,
  `LRibs` varchar(50) DEFAULT NULL,
  `RRibs` varchar(50) DEFAULT NULL,
  `LShoulder` varchar(50) DEFAULT NULL,
  `RShoulder` varchar(50) DEFAULT NULL,
  `LBicep` varchar(50) DEFAULT NULL,
  `RBicep` varchar(50) DEFAULT NULL,
  `LThigh` varchar(50) DEFAULT NULL,
  `RThigh` varchar(50) DEFAULT NULL,
  `LForearm` varchar(50) DEFAULT NULL,
  `RForearm` varchar(50) DEFAULT NULL,
  `LCalf` varchar(50) DEFAULT NULL,
  `RCalf` varchar(50) DEFAULT NULL,
  `LHand` varchar(50) DEFAULT NULL,
  `RHand` varchar(50) DEFAULT NULL,
  `LFoot` varchar(50) DEFAULT NULL,
  `RFoot` varchar(50) DEFAULT NULL
) ENGINE=InnoDB DEFAULT CHARSET=latin1;

--
-- Dumping data for table `char_id_marks`
--

INSERT INTO `char_id_marks` (`ID`, `CharacterID`, `Face`, `Head`, `Neck`, `Groin`, `Rear`, `Stomach`, `LowerBack`, `LRibs`, `RRibs`, `LShoulder`, `RShoulder`, `LBicep`, `RBicep`, `LThigh`, `RThigh`, `LForearm`, `RForearm`, `LCalf`, `RCalf`, `LHand`, `RHand`, `LFoot`, `RFoot`) VALUES
(1, 1, '', 'knot', '', '', '', '', '', '', '', '', '', '', '', '', '', '', '', '', '', '', '', '', ''),
(2, 2, 'x', 'x', 'x', '', 'x', 'x', '', 'x', 'x', 'x', 'x', 'x', '', '', 'x', '', '', '', '', '', '', '', ''),
(3, 3, '', '', '', '', '', '', '', 'GSW', '', '', '', '', '', '', '', '', '', '', '', '', '', '', ''),
(4, 4, '', '', '', '', '', '', '', '', '', '', '', '', '', '', '', '', '', '', '', '', '', '', ''),
(5, 5, '', '', '', '', '', '', '', '', '', '', '', '', '', '', '', '', '', '', '', '', '', '', ''),
(6, 6, '', '', '', '', '', '', '', '', 'Gsw still bleeding', '', 'Bleeding Slash', '', '', '', '', '', '', '', '', '', '', '', ''),
(7, 7, NULL, NULL, NULL, NULL, NULL, NULL, NULL, NULL, NULL, NULL, NULL, NULL, NULL, NULL, NULL, NULL, NULL, NULL, NULL, NULL, NULL, NULL, NULL),
(8, 8, NULL, NULL, NULL, NULL, NULL, NULL, NULL, NULL, NULL, NULL, NULL, NULL, NULL, NULL, NULL, NULL, NULL, NULL, NULL, NULL, NULL, NULL, NULL),
(9, 9, NULL, NULL, NULL, NULL, NULL, NULL, NULL, NULL, NULL, NULL, NULL, NULL, NULL, NULL, NULL, NULL, NULL, NULL, NULL, NULL, NULL, NULL, NULL),
(10, 10, NULL, NULL, NULL, NULL, NULL, NULL, NULL, NULL, NULL, NULL, NULL, NULL, NULL, NULL, NULL, NULL, NULL, NULL, NULL, NULL, NULL, NULL, NULL),
(11, 10, NULL, NULL, NULL, NULL, NULL, NULL, NULL, NULL, NULL, NULL, NULL, NULL, NULL, NULL, NULL, NULL, NULL, NULL, NULL, NULL, NULL, NULL, NULL),
(12, 12, NULL, NULL, NULL, NULL, NULL, NULL, NULL, NULL, NULL, NULL, NULL, NULL, NULL, NULL, NULL, NULL, NULL, NULL, NULL, NULL, NULL, NULL, NULL),
(13, 13, NULL, NULL, NULL, NULL, NULL, NULL, NULL, NULL, NULL, NULL, NULL, NULL, NULL, NULL, NULL, NULL, NULL, NULL, NULL, NULL, NULL, NULL, NULL),
(14, 12, NULL, NULL, NULL, NULL, NULL, NULL, NULL, NULL, NULL, NULL, NULL, NULL, NULL, NULL, NULL, NULL, NULL, NULL, NULL, NULL, NULL, NULL, NULL),
(15, 15, NULL, NULL, NULL, NULL, NULL, NULL, NULL, NULL, NULL, NULL, NULL, NULL, NULL, NULL, NULL, NULL, NULL, NULL, NULL, NULL, NULL, NULL, NULL),
(16, 16, NULL, NULL, NULL, NULL, NULL, NULL, NULL, NULL, NULL, NULL, NULL, NULL, NULL, NULL, NULL, NULL, NULL, NULL, NULL, NULL, NULL, NULL, NULL),
(17, 6, '', '', '', '', '', '', '', '', 'Gsw still bleeding', '', 'Bleeding Slash', '', '', '', '', '', '', '', '', '', '', '', ''),
(18, 7, NULL, NULL, NULL, NULL, NULL, NULL, NULL, NULL, NULL, NULL, NULL, NULL, NULL, NULL, NULL, NULL, NULL, NULL, NULL, NULL, NULL, NULL, NULL),
(19, 8, NULL, NULL, NULL, NULL, NULL, NULL, NULL, NULL, NULL, NULL, NULL, NULL, NULL, NULL, NULL, NULL, NULL, NULL, NULL, NULL, NULL, NULL, NULL),
(20, 9, NULL, NULL, NULL, NULL, NULL, NULL, NULL, NULL, NULL, NULL, NULL, NULL, NULL, NULL, NULL, NULL, NULL, NULL, NULL, NULL, NULL, NULL, NULL),
(21, 10, NULL, NULL, NULL, NULL, NULL, NULL, NULL, NULL, NULL, NULL, NULL, NULL, NULL, NULL, NULL, NULL, NULL, NULL, NULL, NULL, NULL, NULL, NULL),
(22, 11, NULL, NULL, NULL, NULL, NULL, NULL, NULL, NULL, NULL, NULL, NULL, NULL, NULL, NULL, NULL, NULL, NULL, NULL, NULL, NULL, NULL, NULL, NULL);

-- --------------------------------------------------------

--
-- Table structure for table `char_skills`
--

CREATE TABLE `char_skills` (
  `ID` int(11) NOT NULL,
  `CharacterID` int(11) NOT NULL,
  `MasterID` int(11) NOT NULL,
  `Value` tinyint(4) DEFAULT NULL
) ENGINE=InnoDB DEFAULT CHARSET=latin1;

--
-- Dumping data for table `char_skills`
--

INSERT INTO `char_skills` (`ID`, `CharacterID`, `MasterID`, `Value`) VALUES
(1, 1, 1, -30),
(2, 1, 2, 22),
(3, 1, 3, 97),
(4, 1, 4, 85),
(5, 1, 5, 101),
(6, 1, 6, 80),
(7, 1, 7, 64),
(8, 1, 8, 69),
(9, 1, 9, 74),
(10, 1, 10, 59),
(11, 1, 11, 94),
(12, 1, 12, 93),
(13, 1, 13, 61),
(14, 1, 14, 57),
(15, 1, 15, 58),
(16, 1, 16, 60),
(17, 1, 17, 15),
(18, 1, 18, 7),
(19, 1, 19, 71),
(20, 1, 20, 48),
(21, 1, 21, 63),
(22, 1, 22, 0),
(23, 1, 23, 0),
(24, 1, 24, 0),
(25, 1, 25, 0),
(26, 1, 26, 66),
(27, 1, 27, 72),
(28, 1, 28, 76),
(29, 1, 29, 44),
(30, 1, 30, 0),
(31, 1, 31, 0),
(32, 1, 32, 0),
(33, 1, 33, 0),
(34, 1, 34, 71),
(35, 1, 35, 0),
(36, 1, 36, 60),
(37, 1, 37, 55),
(38, 1, 38, 76),
(39, 1, 39, 0),
(40, 1, 40, 0),
(41, 1, 41, 0),
(42, 1, 42, 0),
(43, 1, 43, 0),
(44, 1, 44, 0),
(45, 1, 45, 0),
(46, 1, 46, 0),
(47, 1, 47, 73),
(48, 1, 48, 48),
(49, 1, 49, 0),
(50, 1, 50, 45),
(51, 1, 51, 0),
(52, 1, 52, 0),
(53, 1, 53, 0),
(54, 1, 54, 0),
(55, 1, 55, 0),
(56, 1, 56, 0),
(57, 1, 57, 0),
(58, 1, 58, 50),
(59, 1, 59, 72),
(60, 1, 60, 50),
(61, 1, 61, 62),
(62, 1, 62, 50),
(63, 1, 63, 37),
(64, 1, 64, 0),
(65, 1, 65, 49),
(66, 1, 66, 0),
(67, 1, 67, 0),
(68, 1, 68, 50),
(69, 1, 69, 0),
(70, 1, 70, 0),
(71, 1, 71, 0),
(72, 1, 72, 0),
(73, 1, 73, 0),
(74, 1, 74, 5),
(75, 1, 75, 10),
(76, 1, 76, 15),
(77, 1, 77, 20),
(78, 2, 1, -15),
(79, 2, 2, 24),
(80, 2, 3, 93),
(81, 2, 4, 87),
(82, 2, 5, 91),
(83, 2, 6, 94),
(84, 2, 7, 84),
(85, 2, 8, 77),
(86, 2, 9, 92),
(87, 2, 10, 72),
(88, 2, 11, 68),
(89, 2, 12, 75),
(90, 2, 13, 94),
(91, 2, 14, 65),
(92, 2, 15, 65),
(93, 2, 16, 64),
(94, 2, 17, 16),
(95, 2, 18, 8),
(96, 2, 19, 75),
(97, 2, 20, 74),
(98, 2, 21, 67),
(99, 2, 22, 0),
(100, 2, 23, 0),
(101, 2, 24, 0),
(102, 2, 25, 0),
(103, 2, 26, 0),
(104, 2, 27, 73),
(105, 2, 28, 69),
(106, 2, 29, 56),
(107, 2, 30, 52),
(108, 2, 31, 0),
(109, 2, 32, 0),
(110, 2, 33, 59),
(111, 2, 34, 37),
(112, 2, 35, 0),
(113, 2, 36, 67),
(114, 2, 37, 59),
(115, 2, 38, 58),
(116, 2, 39, 0),
(117, 2, 40, 0),
(118, 2, 41, 0),
(119, 2, 42, 0),
(120, 2, 43, 0),
(121, 2, 44, 0),
(122, 2, 45, 0),
(123, 2, 46, 0),
(124, 2, 47, 90),
(125, 2, 48, 0),
(126, 2, 49, 0),
(127, 2, 50, 0),
(128, 2, 51, 0),
(129, 2, 52, 0),
(130, 2, 53, 0),
(131, 2, 54, 0),
(132, 2, 55, 0),
(133, 2, 56, 51),
(134, 2, 57, 52),
(135, 2, 58, 51),
(136, 2, 59, 58),
(137, 2, 60, 47),
(138, 2, 61, 46),
(139, 2, 62, 47),
(140, 2, 63, 0),
(141, 2, 64, 66),
(142, 2, 65, 0),
(143, 2, 66, 57),
(144, 2, 67, 55),
(145, 2, 68, 58),
(146, 2, 69, 0),
(147, 2, 70, 0),
(148, 2, 71, 0),
(149, 2, 72, 0),
(150, 2, 73, 0),
(151, 2, 74, 0),
(152, 2, 75, 0),
(153, 2, 76, 0),
(154, 2, 77, 0),
(155, 3, 1, -20),
(156, 3, 2, 20),
(157, 3, 3, 74),
(158, 3, 4, 61),
(159, 3, 5, 63),
(160, 3, 6, 67),
(161, 3, 7, 90),
(162, 3, 8, 70),
(163, 3, 9, 77),
(164, 3, 10, 64),
(165, 3, 11, 90),
(166, 3, 12, 86),
(167, 3, 13, 62),
(168, 3, 14, 57),
(169, 3, 15, 56),
(170, 3, 16, 52),
(171, 3, 17, 14),
(172, 3, 18, 7),
(173, 3, 19, 69),
(174, 3, 20, 68),
(175, 3, 21, 59),
(176, 3, 22, 0),
(177, 3, 23, 0),
(178, 3, 24, 0),
(179, 3, 25, 0),
(180, 3, 26, 0),
(181, 3, 27, 77),
(182, 3, 28, 54),
(183, 3, 29, 56),
(184, 3, 30, 59),
(185, 3, 31, 0),
(186, 3, 32, 0),
(187, 3, 33, 0),
(188, 3, 34, 53),
(189, 3, 35, 0),
(190, 3, 36, 54),
(191, 3, 37, 0),
(192, 3, 38, 48),
(193, 3, 39, 0),
(194, 3, 40, 0),
(195, 3, 41, 0),
(196, 3, 42, 0),
(197, 3, 43, 0),
(198, 3, 44, 0),
(199, 3, 45, 0),
(200, 3, 46, 0),
(201, 3, 47, 70),
(202, 3, 48, 56),
(203, 3, 49, 0),
(204, 3, 50, 0),
(205, 3, 51, 0),
(206, 3, 52, 46),
(207, 3, 53, 0),
(208, 3, 54, 0),
(209, 3, 55, 0),
(210, 3, 56, 0),
(211, 3, 57, 0),
(212, 3, 58, 74),
(213, 3, 59, 74),
(214, 3, 60, 74),
(215, 3, 61, 60),
(216, 3, 62, 74),
(217, 3, 63, 0),
(218, 3, 64, 0),
(219, 3, 65, 0),
(220, 3, 66, 0),
(221, 3, 67, 0),
(222, 3, 68, 56),
(223, 3, 69, 0),
(224, 3, 70, 0),
(225, 3, 71, 0),
(226, 3, 72, 0),
(227, 3, 73, 0),
(228, 3, 74, 0),
(229, 3, 75, 0),
(230, 3, 76, 0),
(231, 3, 77, 0),
(232, 4, 1, -30),
(233, 4, 2, 30),
(234, 4, 3, 96),
(235, 4, 4, 92),
(236, 4, 5, 51),
(237, 4, 6, 57),
(238, 4, 7, 83),
(239, 4, 8, 66),
(240, 4, 9, 75),
(241, 4, 10, 70),
(242, 4, 11, 74),
(243, 4, 12, 87),
(244, 4, 13, 104),
(245, 4, 14, 83),
(246, 4, 15, 74),
(247, 4, 16, 68),
(248, 4, 17, 11),
(249, 4, 18, 5),
(250, 4, 19, 85),
(251, 4, 20, 81),
(252, 4, 21, 53),
(253, 4, 22, 0),
(254, 4, 23, 0),
(255, 4, 24, 0),
(256, 4, 25, 0),
(257, 4, 26, 0),
(258, 4, 27, 77),
(259, 4, 28, 73),
(260, 4, 29, 83),
(261, 4, 30, 0),
(262, 4, 31, 0),
(263, 4, 32, 0),
(264, 4, 33, 0),
(265, 4, 34, 67),
(266, 4, 35, 0),
(267, 4, 36, 0),
(268, 4, 37, 0),
(269, 4, 38, 61),
(270, 4, 39, 65),
(271, 4, 40, 0),
(272, 4, 41, 0),
(273, 4, 42, 0),
(274, 4, 43, 0),
(275, 4, 44, 0),
(276, 4, 45, 0),
(277, 4, 46, 0),
(278, 4, 47, 66),
(279, 4, 48, 62),
(280, 4, 49, 0),
(281, 4, 50, 62),
(282, 4, 51, 0),
(283, 4, 52, 68),
(284, 4, 53, 0),
(285, 4, 54, 0),
(286, 4, 55, 62),
(287, 4, 56, 0),
(288, 4, 57, 0),
(289, 4, 58, 36),
(290, 4, 59, 36),
(291, 4, 60, 36),
(292, 4, 61, 59),
(293, 4, 62, 36),
(294, 4, 63, 59),
(295, 4, 64, 0),
(296, 4, 65, 0),
(297, 4, 66, 0),
(298, 4, 67, 0),
(299, 4, 68, 0),
(300, 4, 69, 0),
(301, 4, 70, 0),
(302, 4, 71, 0),
(303, 4, 72, 0),
(304, 4, 73, 0),
(305, 4, 74, 0),
(306, 4, 75, 0),
(307, 4, 76, 0),
(308, 4, 77, 0),
(309, 5, 1, -15),
(310, 5, 2, 28),
(311, 5, 3, 93),
(312, 5, 4, 80),
(313, 5, 5, 73),
(314, 5, 6, 76),
(315, 5, 7, 76),
(316, 5, 8, 79),
(317, 5, 9, 90),
(318, 5, 10, 76),
(319, 5, 11, 76),
(320, 5, 12, 96),
(321, 5, 13, 76),
(322, 5, 14, 73),
(323, 5, 15, 73),
(324, 5, 16, 70),
(325, 5, 17, 15),
(326, 5, 18, 7),
(327, 5, 19, 61),
(328, 5, 20, 63),
(329, 5, 21, 69),
(330, 5, 22, 0),
(331, 5, 23, 0),
(332, 5, 24, 0),
(333, 5, 25, 0),
(334, 5, 26, 0),
(335, 5, 27, 69),
(336, 5, 28, 58),
(337, 5, 29, 70),
(338, 5, 30, 57),
(339, 5, 31, 0),
(340, 5, 32, 0),
(341, 5, 33, 0),
(342, 5, 34, 51),
(343, 5, 35, 0),
(344, 5, 36, 66),
(345, 5, 37, 0),
(346, 5, 38, 61),
(347, 5, 39, 0),
(348, 5, 40, 0),
(349, 5, 41, 0),
(350, 5, 42, 0),
(351, 5, 43, 0),
(352, 5, 44, 0),
(353, 5, 45, 0),
(354, 5, 46, 0),
(355, 5, 47, 76),
(356, 5, 48, 54),
(357, 5, 49, 0),
(358, 5, 50, 0),
(359, 5, 51, 0),
(360, 5, 52, 0),
(361, 5, 53, 0),
(362, 5, 54, 0),
(363, 5, 55, 0),
(364, 5, 56, 57),
(365, 5, 57, 0),
(366, 5, 58, 71),
(367, 5, 59, 56),
(368, 5, 60, 50),
(369, 5, 61, 48),
(370, 5, 62, 97),
(371, 5, 63, 0),
(372, 5, 64, 0),
(373, 5, 65, 0),
(374, 5, 66, 0),
(375, 5, 67, 0),
(376, 5, 68, 0),
(377, 5, 69, 0),
(378, 5, 70, 0),
(379, 5, 71, 0),
(380, 5, 72, 0),
(381, 5, 73, 0),
(382, 5, 74, 0),
(383, 5, 75, 0),
(384, 5, 76, 0),
(385, 5, 77, 0),
(386, 6, 1, -20),
(387, 6, 2, 23),
(388, 6, 3, 85),
(389, 6, 4, 70),
(390, 6, 5, 63),
(391, 6, 6, 67),
(392, 6, 7, 66),
(393, 6, 8, 70),
(394, 6, 9, 77),
(395, 6, 10, 64),
(396, 6, 11, 65),
(397, 6, 12, 71),
(398, 6, 13, 68),
(399, 6, 14, 60),
(400, 6, 15, 62),
(401, 6, 16, 58),
(402, 6, 17, 20),
(403, 6, 18, 50),
(404, 6, 19, 66),
(405, 6, 20, 64),
(406, 6, 21, 66),
(407, 6, 22, 0),
(408, 6, 23, 0),
(409, 6, 24, 0),
(410, 6, 25, 0),
(411, 6, 26, 0),
(412, 6, 27, 51),
(413, 6, 28, 69),
(414, 6, 29, 49),
(415, 6, 30, 0),
(416, 6, 31, 0),
(417, 6, 32, 0),
(418, 6, 33, 0),
(419, 6, 34, 43),
(420, 6, 35, 0),
(421, 6, 36, 0),
(422, 6, 37, 0),
(423, 6, 38, 0),
(424, 6, 39, 0),
(425, 6, 40, 0),
(426, 6, 41, 0),
(427, 6, 42, 0),
(428, 6, 43, 0),
(429, 6, 44, 0),
(430, 6, 45, 0),
(431, 6, 46, 0),
(432, 6, 47, 49),
(433, 6, 48, 0),
(434, 6, 49, 0),
(435, 6, 50, 0),
(436, 6, 51, 0),
(437, 6, 52, 0),
(438, 6, 53, 0),
(439, 6, 54, 0),
(440, 6, 55, 0),
(441, 6, 56, 0),
(442, 6, 57, 0),
(443, 6, 58, 36),
(444, 6, 59, 36),
(445, 6, 60, 36),
(446, 6, 61, 34),
(447, 6, 62, 36),
(448, 6, 63, 0),
(449, 6, 64, 0),
(450, 6, 65, 0),
(451, 6, 66, 0),
(452, 6, 67, 0),
(453, 6, 68, 0),
(454, 6, 69, 0),
(455, 6, 70, 0),
(456, 6, 71, 0),
(457, 6, 72, 0),
(458, 6, 73, 0),
(459, 6, 74, 0),
(460, 6, 75, 0),
(461, 6, 76, 0),
(462, 6, 77, 0),
(463, 7, 1, -20),
(464, 7, 2, 19),
(465, 7, 3, 100),
(466, 7, 4, 83),
(467, 7, 5, 70),
(468, 7, 6, 74),
(469, 7, 7, 86),
(470, 7, 8, 66),
(471, 7, 9, 98),
(472, 7, 10, 74),
(473, 7, 11, 57),
(474, 7, 12, 79),
(475, 7, 13, 127),
(476, 7, 14, 74),
(477, 7, 15, 54),
(478, 7, 16, 50),
(479, 7, 17, 14),
(480, 7, 18, 7),
(481, 7, 19, 72),
(482, 7, 20, 60),
(483, 7, 21, 63),
(484, 7, 22, 0),
(485, 7, 23, 0),
(486, 7, 24, 0),
(487, 7, 25, 0),
(488, 7, 26, 0),
(489, 7, 27, 67),
(490, 7, 28, 72),
(491, 7, 29, 67),
(492, 7, 30, 0),
(493, 7, 31, 0),
(494, 7, 32, 0),
(495, 7, 33, 0),
(496, 7, 34, 41),
(497, 7, 35, 0),
(498, 7, 36, 0),
(499, 7, 37, 0),
(500, 7, 38, 0),
(501, 7, 39, 0),
(502, 7, 40, 0),
(503, 7, 41, 0),
(504, 7, 42, 0),
(505, 7, 43, 0),
(506, 7, 44, 0),
(507, 7, 45, 0),
(508, 7, 46, 0),
(509, 7, 47, 55),
(510, 7, 48, 0),
(511, 7, 49, 0),
(512, 7, 50, 71),
(513, 7, 51, 0),
(514, 7, 52, 0),
(515, 7, 53, 0),
(516, 7, 54, 0),
(517, 7, 55, 71),
(518, 7, 56, 0),
(519, 7, 57, 0),
(520, 7, 58, 32),
(521, 7, 59, 32),
(522, 7, 60, 32),
(523, 7, 61, 29),
(524, 7, 62, 32),
(525, 7, 63, 0),
(526, 7, 64, 0),
(527, 7, 65, 0),
(528, 7, 66, 0),
(529, 7, 67, 0),
(530, 7, 68, 0),
(531, 7, 69, 0),
(532, 7, 70, 0),
(533, 7, 71, 0),
(534, 7, 72, 0),
(535, 7, 73, 0),
(536, 7, 74, 0),
(537, 7, 75, 0),
(538, 7, 76, 0),
(539, 7, 77, 0),
(540, 8, 1, -50),
(541, 8, 2, 20),
(542, 8, 3, 62),
(543, 8, 4, 52),
(544, 8, 5, 51),
(545, 8, 6, 51),
(546, 8, 7, 52),
(547, 8, 8, 53),
(548, 8, 9, 63),
(549, 8, 10, 55),
(550, 8, 11, 53),
(551, 8, 12, 77),
(552, 8, 13, 127),
(553, 8, 14, 54),
(554, 8, 15, 50),
(555, 8, 16, 50),
(556, 8, 17, 10),
(557, 8, 18, 5),
(558, 8, 19, 36),
(559, 8, 20, 43),
(560, 8, 21, 40),
(561, 8, 22, 0),
(562, 8, 23, 0),
(563, 8, 24, 0),
(564, 8, 25, 0),
(565, 8, 26, 0),
(566, 8, 27, 43),
(567, 8, 28, 38),
(568, 8, 29, 55),
(569, 8, 30, 0),
(570, 8, 31, 0),
(571, 8, 32, 0),
(572, 8, 33, 0),
(573, 8, 34, 43),
(574, 8, 35, 0),
(575, 8, 36, 0),
(576, 8, 37, 0),
(577, 8, 38, 0),
(578, 8, 39, 0),
(579, 8, 40, 0),
(580, 8, 41, 0),
(581, 8, 42, 0),
(582, 8, 43, 0),
(583, 8, 44, 0),
(584, 8, 45, 0),
(585, 8, 46, 0),
(586, 8, 47, 60),
(587, 8, 48, 0),
(588, 8, 49, 0),
(589, 8, 50, 0),
(590, 8, 51, 0),
(591, 8, 52, 0),
(592, 8, 53, 0),
(593, 8, 54, 0),
(594, 8, 55, 0),
(595, 8, 56, 0),
(596, 8, 57, 0),
(597, 8, 58, 56),
(598, 8, 59, 56),
(599, 8, 60, 56),
(600, 8, 61, 50),
(601, 8, 62, 54),
(602, 8, 63, 0),
(603, 8, 64, 0),
(604, 8, 65, 0),
(605, 8, 66, 0),
(606, 8, 67, 0),
(607, 8, 68, 0),
(608, 8, 69, 0),
(609, 8, 70, 0),
(610, 8, 71, 0),
(611, 8, 72, 0),
(612, 8, 73, 0),
(613, 8, 74, 0),
(614, 8, 75, 0),
(615, 8, 76, 0),
(616, 8, 77, 0),
(617, 9, 1, -40),
(618, 9, 2, 17),
(619, 9, 3, 52),
(620, 9, 4, 45),
(621, 9, 5, 44),
(622, 9, 6, 48),
(623, 9, 7, 48),
(624, 9, 8, 52),
(625, 9, 9, 56),
(626, 9, 10, 48),
(627, 9, 11, 49),
(628, 9, 12, 53),
(629, 9, 13, 127),
(630, 9, 14, 93),
(631, 9, 15, 46),
(632, 9, 16, 42),
(633, 9, 17, 10),
(634, 9, 18, 5),
(635, 9, 19, 47),
(636, 9, 20, 37),
(637, 9, 21, 48),
(638, 9, 22, 0),
(639, 9, 23, 0),
(640, 9, 24, 0),
(641, 9, 25, 0),
(642, 9, 26, 0),
(643, 9, 27, 61),
(644, 9, 28, 41),
(645, 9, 29, 45),
(646, 9, 30, 0),
(647, 9, 31, 0),
(648, 9, 32, 0),
(649, 9, 33, 0),
(650, 9, 34, 30),
(651, 9, 35, 0),
(652, 9, 36, 0),
(653, 9, 37, 0),
(654, 9, 38, 0),
(655, 9, 39, 0),
(656, 9, 40, 0),
(657, 9, 41, 0),
(658, 9, 42, 0),
(659, 9, 43, 0),
(660, 9, 44, 0),
(661, 9, 45, 0),
(662, 9, 46, 0),
(663, 9, 47, 56),
(664, 9, 48, 0),
(665, 9, 49, 0),
(666, 9, 50, 0),
(667, 9, 51, 0),
(668, 9, 52, 0),
(669, 9, 53, 0),
(670, 9, 54, 0),
(671, 9, 55, 0),
(672, 9, 56, 0),
(673, 9, 57, 0),
(674, 9, 58, 62),
(675, 9, 59, 62),
(676, 9, 60, 62),
(677, 9, 61, 56),
(678, 9, 62, 63),
(679, 9, 63, 0),
(680, 9, 64, 0),
(681, 9, 65, 0),
(682, 9, 66, 0),
(683, 9, 67, 0),
(684, 9, 68, 0),
(685, 9, 69, 0),
(686, 9, 70, 0),
(687, 9, 71, 0),
(688, 9, 72, 0),
(689, 9, 73, 0),
(690, 9, 74, 0),
(691, 9, 75, 0),
(692, 9, 76, 0),
(693, 9, 77, 0),
(694, 10, 1, -25),
(695, 10, 2, 21),
(696, 10, 3, 97),
(697, 10, 4, 71),
(698, 10, 5, 75),
(699, 10, 6, 74),
(700, 10, 7, 81),
(701, 10, 8, 73),
(702, 10, 9, 82),
(703, 10, 10, 66),
(704, 10, 11, 63),
(705, 10, 12, 66),
(706, 10, 13, 74),
(707, 10, 14, 60),
(708, 10, 15, 57),
(709, 10, 16, 127),
(710, 10, 17, 15),
(711, 10, 18, 7),
(712, 10, 19, 66),
(713, 10, 20, 60),
(714, 10, 21, 59),
(715, 10, 22, 0),
(716, 10, 23, 0),
(717, 10, 24, 0),
(718, 10, 25, 0),
(719, 10, 26, 0),
(720, 10, 27, 56),
(721, 10, 28, 57),
(722, 10, 29, 59),
(723, 10, 30, 0),
(724, 10, 31, 0),
(725, 10, 32, 0),
(726, 10, 33, 0),
(727, 10, 34, 52),
(728, 10, 35, 0),
(729, 10, 36, 0),
(730, 10, 37, 0),
(731, 10, 38, 0),
(732, 10, 39, 0),
(733, 10, 40, 0),
(734, 10, 41, 0),
(735, 10, 42, 0),
(736, 10, 43, 0),
(737, 10, 44, 0),
(738, 10, 45, 0),
(739, 10, 46, 0),
(740, 10, 47, 59),
(741, 10, 48, 0),
(742, 10, 49, 0),
(743, 10, 50, 0),
(744, 10, 51, 0),
(745, 10, 52, 0),
(746, 10, 53, 0),
(747, 10, 54, 0),
(748, 10, 55, 0),
(749, 10, 56, 0),
(750, 10, 57, 0),
(751, 10, 58, 78),
(752, 10, 59, 78),
(753, 10, 60, 78),
(754, 10, 61, 64),
(755, 10, 62, 78),
(756, 10, 63, 0),
(757, 10, 64, 0),
(758, 10, 65, 0),
(759, 10, 66, 0),
(760, 10, 67, 0),
(761, 10, 68, 0),
(762, 10, 69, 0),
(763, 10, 70, 0),
(764, 10, 71, 0),
(765, 10, 72, 0),
(766, 10, 73, 0),
(767, 10, 74, 0),
(768, 10, 75, 0),
(769, 10, 76, 0),
(770, 10, 77, 0),
(771, 10, 1, -25),
(772, 10, 2, 21),
(773, 10, 3, 95),
(774, 10, 4, 78),
(775, 10, 5, 75),
(776, 10, 6, 74),
(777, 10, 7, 94),
(778, 10, 8, 73),
(779, 10, 9, 82),
(780, 10, 10, 66),
(781, 10, 11, 63),
(782, 10, 12, 66),
(783, 10, 13, 75),
(784, 10, 14, 60),
(785, 10, 15, 57),
(786, 10, 16, 73),
(787, 10, 17, 15),
(788, 10, 18, 50),
(789, 10, 19, 53),
(790, 10, 20, 59),
(791, 10, 21, 61),
(792, 10, 22, 0),
(793, 10, 23, 0),
(794, 10, 24, 0),
(795, 10, 25, 0),
(796, 10, 26, 0),
(797, 10, 27, 50),
(798, 10, 28, 54),
(799, 10, 29, 56),
(800, 10, 30, 0),
(801, 10, 31, 0),
(802, 10, 32, 0),
(803, 10, 33, 0),
(804, 10, 34, 43),
(805, 10, 35, 0),
(806, 10, 36, 0),
(807, 10, 37, 0),
(808, 10, 38, 0),
(809, 10, 39, 0),
(810, 10, 40, 0),
(811, 10, 41, 0),
(812, 10, 42, 0),
(813, 10, 43, 0),
(814, 10, 44, 0),
(815, 10, 45, 0),
(816, 10, 46, 0),
(817, 10, 47, 61),
(818, 10, 48, 0),
(819, 10, 49, 0),
(820, 10, 50, 0),
(821, 10, 51, 0),
(822, 10, 52, 0),
(823, 10, 53, 0),
(824, 10, 54, 0),
(825, 10, 55, 0),
(826, 10, 56, 0),
(827, 10, 57, 0),
(828, 10, 58, 77),
(829, 10, 59, 77),
(830, 10, 60, 77),
(831, 10, 61, 64),
(832, 10, 62, 77),
(833, 10, 63, 0),
(834, 10, 64, 0),
(835, 10, 65, 0),
(836, 10, 66, 0),
(837, 10, 67, 0),
(838, 10, 68, 0),
(839, 10, 69, 0),
(840, 10, 70, 0),
(841, 10, 71, 0),
(842, 10, 72, 0),
(843, 10, 73, 0),
(844, 10, 74, 0),
(845, 10, 75, 0),
(846, 10, 76, 0),
(847, 10, 77, 0),
(848, 12, 1, -20),
(849, 12, 2, 28),
(850, 12, 3, 68),
(851, 12, 4, 68),
(852, 12, 5, 65),
(853, 12, 6, 63),
(854, 12, 7, 64),
(855, 12, 8, 71),
(856, 12, 9, 75),
(857, 12, 10, 67),
(858, 12, 11, 73),
(859, 12, 12, 76),
(860, 12, 13, 75),
(861, 12, 14, 68),
(862, 12, 15, 72),
(863, 12, 16, 91),
(864, 12, 17, 16),
(865, 12, 18, 50),
(866, 12, 19, 70),
(867, 12, 20, 60),
(868, 12, 21, 65),
(869, 12, 22, 0),
(870, 12, 23, 0),
(871, 12, 24, 62),
(872, 12, 25, 0),
(873, 12, 26, 0),
(874, 12, 27, 57),
(875, 12, 28, 64),
(876, 12, 29, 54),
(877, 12, 30, 0),
(878, 12, 31, 68),
(879, 12, 32, 0),
(880, 12, 33, 0),
(881, 12, 34, 46),
(882, 12, 35, 0),
(883, 12, 36, 0),
(884, 12, 37, 0),
(885, 12, 38, 0),
(886, 12, 39, 0),
(887, 12, 40, 0),
(888, 12, 41, 0),
(889, 12, 42, 0),
(890, 12, 43, 0),
(891, 12, 44, 0),
(892, 12, 45, 0),
(893, 12, 46, 0),
(894, 12, 47, 55),
(895, 12, 48, 0),
(896, 12, 49, 0),
(897, 12, 50, 0),
(898, 12, 51, 0),
(899, 12, 52, 0),
(900, 12, 53, 0),
(901, 12, 54, 0),
(902, 12, 55, 0),
(903, 12, 56, 52),
(904, 12, 57, 45),
(905, 12, 58, 66),
(906, 12, 59, 66),
(907, 12, 60, 66),
(908, 12, 61, 61),
(909, 12, 62, 66),
(910, 12, 63, 0),
(911, 12, 64, 0),
(912, 12, 65, 0),
(913, 12, 66, 0),
(914, 12, 67, 0),
(915, 12, 68, 0),
(916, 12, 69, 0),
(917, 12, 70, 0),
(918, 12, 71, 0),
(919, 12, 72, 0),
(920, 12, 73, 0),
(921, 12, 74, 0),
(922, 12, 75, 0),
(923, 12, 76, 0),
(924, 12, 77, 0),
(925, 13, 1, -70),
(926, 13, 2, 16),
(927, 13, 3, 48),
(928, 13, 4, 52),
(929, 13, 5, 51),
(930, 13, 6, 35),
(931, 13, 7, 46),
(932, 13, 8, 28),
(933, 13, 9, 61),
(934, 13, 10, 48),
(935, 13, 11, 34),
(936, 13, 12, 34),
(937, 13, 13, 52),
(938, 13, 14, 127),
(939, 13, 15, 38),
(940, 13, 16, 36),
(941, 13, 17, 5),
(942, 13, 18, 2),
(943, 13, 19, 45),
(944, 13, 20, 43),
(945, 13, 21, 28),
(946, 13, 22, 0),
(947, 13, 23, 0),
(948, 13, 24, 0),
(949, 13, 25, 0),
(950, 13, 26, 0),
(951, 13, 27, 38),
(952, 13, 28, 38),
(953, 13, 29, 33),
(954, 13, 30, 0),
(955, 13, 31, 0),
(956, 13, 32, 0),
(957, 13, 33, 0),
(958, 13, 34, 27),
(959, 13, 35, 0),
(960, 13, 36, 0),
(961, 13, 37, 0),
(962, 13, 38, 0),
(963, 13, 39, 0),
(964, 13, 40, 0),
(965, 13, 41, 0),
(966, 13, 42, 0),
(967, 13, 43, 0),
(968, 13, 44, 0),
(969, 13, 45, 0),
(970, 13, 46, 0),
(971, 13, 47, 44),
(972, 13, 48, 0),
(973, 13, 49, 0),
(974, 13, 50, 0),
(975, 13, 51, 0),
(976, 13, 52, 0),
(977, 13, 53, 0),
(978, 13, 54, 0),
(979, 13, 55, 0),
(980, 13, 56, 36),
(981, 13, 57, 35),
(982, 13, 58, 36),
(983, 13, 59, 36),
(984, 13, 60, 36),
(985, 13, 61, 37),
(986, 13, 62, 36),
(987, 13, 63, 0),
(988, 13, 64, 0),
(989, 13, 65, 0),
(990, 13, 66, 0),
(991, 13, 67, 0),
(992, 13, 68, 0),
(993, 13, 69, 0),
(994, 13, 70, 0),
(995, 13, 71, 0),
(996, 13, 72, 0),
(997, 13, 73, 0),
(998, 13, 74, 0),
(999, 13, 75, 0),
(1000, 13, 76, 0),
(1001, 13, 77, 0),
(1002, 12, 1, -20),
(1003, 12, 2, 30),
(1004, 12, 3, 90),
(1005, 12, 4, 89),
(1006, 12, 5, 71),
(1007, 12, 6, 72),
(1008, 12, 7, 67),
(1009, 12, 8, 78),
(1010, 12, 9, 77),
(1011, 12, 10, 67),
(1012, 12, 11, 77),
(1013, 12, 12, 88),
(1014, 12, 13, 127),
(1015, 12, 14, 71),
(1016, 12, 15, 76),
(1017, 12, 16, 75),
(1018, 12, 17, 21),
(1019, 12, 18, 19),
(1020, 12, 19, 79),
(1021, 12, 20, 74),
(1022, 12, 21, 68),
(1023, 12, 22, 0),
(1024, 12, 23, 0),
(1025, 12, 24, 0),
(1026, 12, 25, 0),
(1027, 12, 26, 0),
(1028, 12, 27, 56),
(1029, 12, 28, 79),
(1030, 12, 29, 58),
(1031, 12, 30, 0),
(1032, 12, 31, 0),
(1033, 12, 32, 0),
(1034, 12, 33, 0),
(1035, 12, 34, 57),
(1036, 12, 35, 0),
(1037, 12, 36, 0),
(1038, 12, 37, 0),
(1039, 12, 38, 0),
(1040, 12, 39, 0),
(1041, 12, 40, 0),
(1042, 12, 41, 0),
(1043, 12, 42, 0),
(1044, 12, 43, 0),
(1045, 12, 44, 0),
(1046, 12, 45, 0),
(1047, 12, 46, 0),
(1048, 12, 47, 63),
(1049, 12, 48, 0),
(1050, 12, 49, 0),
(1051, 12, 50, 0),
(1052, 12, 51, 0),
(1053, 12, 52, 0),
(1054, 12, 53, 0),
(1055, 12, 54, 0),
(1056, 12, 55, 0),
(1057, 12, 56, 0),
(1058, 12, 57, 0),
(1059, 12, 58, 60),
(1060, 12, 59, 60),
(1061, 12, 60, 60),
(1062, 12, 61, 60),
(1063, 12, 62, 60),
(1064, 12, 63, 0),
(1065, 12, 64, 0),
(1066, 12, 65, 0),
(1067, 12, 66, 0),
(1068, 12, 67, 0),
(1069, 12, 68, 0),
(1070, 12, 69, 0),
(1071, 12, 70, 0),
(1072, 12, 71, 0),
(1073, 12, 72, 0),
(1074, 12, 73, 0),
(1075, 12, 74, 0),
(1076, 12, 75, 0),
(1077, 12, 76, 0),
(1078, 12, 77, 0),
(1079, 15, 1, -20),
(1080, 15, 2, 24),
(1081, 15, 3, 69),
(1082, 15, 4, 61),
(1083, 15, 5, 59),
(1084, 15, 6, 64),
(1085, 15, 7, 67),
(1086, 15, 8, 75),
(1087, 15, 9, 73),
(1088, 15, 10, 68),
(1089, 15, 11, 72),
(1090, 15, 12, 72),
(1091, 15, 13, 75),
(1092, 15, 14, 66),
(1093, 15, 15, 64),
(1094, 15, 16, 59),
(1095, 15, 17, 13),
(1096, 15, 18, 47),
(1097, 15, 19, 42),
(1098, 15, 20, 41),
(1099, 15, 21, 58),
(1100, 15, 22, 0),
(1101, 15, 23, 0),
(1102, 15, 24, 0),
(1103, 15, 25, 0),
(1104, 15, 26, 0),
(1105, 15, 27, 66),
(1106, 15, 28, 56),
(1107, 15, 29, 63),
(1108, 15, 30, 72),
(1109, 15, 31, 0),
(1110, 15, 32, 0),
(1111, 15, 33, 0),
(1112, 15, 34, 46),
(1113, 15, 35, 0),
(1114, 15, 36, 0),
(1115, 15, 37, 0),
(1116, 15, 38, 0),
(1117, 15, 39, 0),
(1118, 15, 40, 0),
(1119, 15, 41, 0),
(1120, 15, 42, 0),
(1121, 15, 43, 0),
(1122, 15, 44, 0),
(1123, 15, 45, 0),
(1124, 15, 46, 0),
(1125, 15, 47, 92),
(1126, 15, 48, 0),
(1127, 15, 49, 0),
(1128, 15, 50, 0),
(1129, 15, 51, 0),
(1130, 15, 52, 0),
(1131, 15, 53, 0),
(1132, 15, 54, 0),
(1133, 15, 55, 0),
(1134, 15, 56, 0),
(1135, 15, 57, 0),
(1136, 15, 58, 62),
(1137, 15, 59, 62),
(1138, 15, 60, 62),
(1139, 15, 61, 59),
(1140, 15, 62, 62),
(1141, 15, 63, 0),
(1142, 15, 64, 0),
(1143, 15, 65, 0),
(1144, 15, 66, 0),
(1145, 15, 67, 0),
(1146, 15, 68, 75),
(1147, 15, 69, 0),
(1148, 15, 70, 0),
(1149, 15, 71, 0),
(1150, 15, 72, 0),
(1151, 15, 73, 0),
(1152, 15, 74, 0),
(1153, 15, 75, 0),
(1154, 15, 76, 0),
(1155, 15, 77, 0),
(1156, 16, 1, -5),
(1157, 16, 2, 18),
(1158, 16, 3, 54),
(1159, 16, 4, 50),
(1160, 16, 5, 58),
(1161, 16, 6, 60),
(1162, 16, 7, 55),
(1163, 16, 8, 77),
(1164, 16, 9, 59),
(1165, 16, 10, 57),
(1166, 16, 11, 67),
(1167, 16, 12, 75),
(1168, 16, 13, 63),
(1169, 16, 14, 52),
(1170, 16, 15, 55),
(1171, 16, 16, 45),
(1172, 16, 17, 14),
(1173, 16, 18, 27),
(1174, 16, 19, 46),
(1175, 16, 20, 42),
(1176, 16, 21, 57),
(1177, 16, 22, 0),
(1178, 16, 23, 0),
(1179, 16, 24, 0),
(1180, 16, 25, 0),
(1181, 16, 26, 0),
(1182, 16, 27, 50),
(1183, 16, 28, 39),
(1184, 16, 29, 50),
(1185, 16, 30, 0),
(1186, 16, 31, 0),
(1187, 16, 32, 0),
(1188, 16, 33, 0),
(1189, 16, 34, 31),
(1190, 16, 35, 0),
(1191, 16, 36, 0),
(1192, 16, 37, 0),
(1193, 16, 38, 0),
(1194, 16, 39, 0),
(1195, 16, 40, 0),
(1196, 16, 41, 0),
(1197, 16, 42, 0),
(1198, 16, 43, 0),
(1199, 16, 44, 0),
(1200, 16, 45, 0),
(1201, 16, 46, 0),
(1202, 16, 47, 67),
(1203, 16, 48, 0),
(1204, 16, 49, 0),
(1205, 16, 50, 0),
(1206, 16, 51, 0),
(1207, 16, 52, 0),
(1208, 16, 53, 0),
(1209, 16, 54, 0),
(1210, 16, 55, 0),
(1211, 16, 56, 52),
(1212, 16, 57, 60),
(1213, 16, 58, 37),
(1214, 16, 59, 37),
(1215, 16, 60, 37),
(1216, 16, 61, 40),
(1217, 16, 62, 37),
(1218, 16, 63, 0),
(1219, 16, 64, 0),
(1220, 16, 65, 0),
(1221, 16, 66, 0),
(1222, 16, 67, 0),
(1223, 16, 68, 0),
(1224, 16, 69, 0),
(1225, 16, 70, 0),
(1226, 16, 71, 0),
(1227, 16, 72, 0),
(1228, 16, 73, 0),
(1229, 16, 74, 0),
(1230, 16, 75, 0),
(1231, 16, 76, 0),
(1232, 16, 77, 0),
(1233, 6, 1, -20),
(1234, 6, 2, 23),
(1235, 6, 3, 85),
(1236, 6, 4, 70),
(1237, 6, 5, 63),
(1238, 6, 6, 67),
(1239, 6, 7, 66),
(1240, 6, 8, 70),
(1241, 6, 9, 77),
(1242, 6, 10, 64),
(1243, 6, 11, 65),
(1244, 6, 12, 71),
(1245, 6, 13, 68),
(1246, 6, 14, 60),
(1247, 6, 15, 62),
(1248, 6, 16, 58),
(1249, 6, 17, 20),
(1250, 6, 18, 50),
(1251, 6, 19, 66),
(1252, 6, 20, 64),
(1253, 6, 21, 66),
(1254, 6, 22, 0),
(1255, 6, 23, 0),
(1256, 6, 24, 0),
(1257, 6, 25, 0),
(1258, 6, 26, 0),
(1259, 6, 27, 51),
(1260, 6, 28, 69),
(1261, 6, 29, 49),
(1262, 6, 30, 0),
(1263, 6, 31, 0),
(1264, 6, 32, 0),
(1265, 6, 33, 0),
(1266, 6, 34, 43),
(1267, 6, 35, 0),
(1268, 6, 36, 0),
(1269, 6, 37, 0),
(1270, 6, 38, 0),
(1271, 6, 39, 0),
(1272, 6, 40, 0),
(1273, 6, 41, 0),
(1274, 6, 42, 0),
(1275, 6, 43, 0),
(1276, 6, 44, 0),
(1277, 6, 45, 0),
(1278, 6, 46, 0),
(1279, 6, 47, 49),
(1280, 6, 48, 0),
(1281, 6, 49, 0),
(1282, 6, 50, 0),
(1283, 6, 51, 0),
(1284, 6, 52, 0),
(1285, 6, 53, 0),
(1286, 6, 54, 0),
(1287, 6, 55, 0),
(1288, 6, 56, 0),
(1289, 6, 57, 0),
(1290, 6, 58, 36),
(1291, 6, 59, 36),
(1292, 6, 60, 36),
(1293, 6, 61, 34),
(1294, 6, 62, 36),
(1295, 6, 63, 0),
(1296, 6, 64, 0),
(1297, 6, 65, 0),
(1298, 6, 66, 0),
(1299, 6, 67, 0),
(1300, 6, 68, 0),
(1301, 6, 69, 0),
(1302, 6, 70, 0),
(1303, 6, 71, 0),
(1304, 6, 72, 0),
(1305, 6, 73, 0),
(1306, 6, 74, 0),
(1307, 6, 75, 0),
(1308, 6, 76, 0),
(1309, 6, 77, 0),
(1310, 7, 1, -55),
(1311, 7, 2, 26),
(1312, 7, 3, 70),
(1313, 7, 4, 55),
(1314, 7, 5, 59),
(1315, 7, 6, 55),
(1316, 7, 7, 66),
(1317, 7, 8, 54),
(1318, 7, 9, 64),
(1319, 7, 10, 54),
(1320, 7, 11, 58),
(1321, 7, 12, 53),
(1322, 7, 13, 66),
(1323, 7, 14, 60),
(1324, 7, 15, 61),
(1325, 7, 16, 65),
(1326, 7, 17, 11),
(1327, 7, 18, 50),
(1328, 7, 19, 51),
(1329, 7, 20, 59),
(1330, 7, 21, 52),
(1331, 7, 22, 0),
(1332, 7, 23, 0),
(1333, 7, 24, 0),
(1334, 7, 25, 0),
(1335, 7, 26, 0),
(1336, 7, 27, 68),
(1337, 7, 28, 62),
(1338, 7, 29, 58),
(1339, 7, 30, 55),
(1340, 7, 31, 0),
(1341, 7, 32, 0),
(1342, 7, 33, 0),
(1343, 7, 34, 44),
(1344, 7, 35, 0),
(1345, 7, 36, 0),
(1346, 7, 37, 0),
(1347, 7, 38, 0),
(1348, 7, 39, 0),
(1349, 7, 40, 0),
(1350, 7, 41, 0),
(1351, 7, 42, 0),
(1352, 7, 43, 0),
(1353, 7, 44, 0),
(1354, 7, 45, 0),
(1355, 7, 46, 0),
(1356, 7, 47, 65),
(1357, 7, 48, 0),
(1358, 7, 49, 0),
(1359, 7, 50, 0),
(1360, 7, 51, 0),
(1361, 7, 52, 0),
(1362, 7, 53, 0),
(1363, 7, 54, 0),
(1364, 7, 55, 0),
(1365, 7, 56, 0),
(1366, 7, 57, 0),
(1367, 7, 58, 34),
(1368, 7, 59, 34),
(1369, 7, 60, 34),
(1370, 7, 61, 43),
(1371, 7, 62, 34),
(1372, 7, 63, 0),
(1373, 7, 64, 0),
(1374, 7, 65, 0),
(1375, 7, 66, 0),
(1376, 7, 67, 0),
(1377, 7, 68, 57),
(1378, 7, 69, 0),
(1379, 7, 70, 0),
(1380, 7, 71, 0),
(1381, 7, 72, 0),
(1382, 7, 73, 0),
(1383, 7, 74, 0),
(1384, 7, 75, 0),
(1385, 7, 76, 0),
(1386, 7, 77, 0),
(1387, 8, 1, -45),
(1388, 8, 2, 24),
(1389, 8, 3, 75),
(1390, 8, 4, 63),
(1391, 8, 5, 61),
(1392, 8, 6, 60),
(1393, 8, 7, 62),
(1394, 8, 8, 59),
(1395, 8, 9, 76),
(1396, 8, 10, 64),
(1397, 8, 11, 74),
(1398, 8, 12, 57),
(1399, 8, 13, 56),
(1400, 8, 14, 63),
(1401, 8, 15, 59),
(1402, 8, 16, 60),
(1403, 8, 17, 11),
(1404, 8, 18, 5),
(1405, 8, 19, 56),
(1406, 8, 20, 63),
(1407, 8, 21, 51),
(1408, 8, 22, 0),
(1409, 8, 23, 0),
(1410, 8, 24, 0),
(1411, 8, 25, 0),
(1412, 8, 26, 0),
(1413, 8, 27, 66),
(1414, 8, 28, 63),
(1415, 8, 29, 62),
(1416, 8, 30, 68),
(1417, 8, 31, 51),
(1418, 8, 32, 54),
(1419, 8, 33, 0),
(1420, 8, 34, 85),
(1421, 8, 35, 0),
(1422, 8, 36, 0),
(1423, 8, 37, 55),
(1424, 8, 38, 0),
(1425, 8, 39, 0),
(1426, 8, 40, 0),
(1427, 8, 41, 0),
(1428, 8, 42, 0),
(1429, 8, 43, 0),
(1430, 8, 44, 0),
(1431, 8, 45, 0),
(1432, 8, 46, 0),
(1433, 8, 47, 60),
(1434, 8, 48, 74),
(1435, 8, 49, 64),
(1436, 8, 50, 0),
(1437, 8, 51, 0),
(1438, 8, 52, 0),
(1439, 8, 53, 0),
(1440, 8, 54, 0),
(1441, 8, 55, 0),
(1442, 8, 56, 0),
(1443, 8, 57, 0),
(1444, 8, 58, 80),
(1445, 8, 59, 80),
(1446, 8, 60, 80),
(1447, 8, 61, 83),
(1448, 8, 62, 80),
(1449, 8, 63, 0),
(1450, 8, 64, 0),
(1451, 8, 65, 0),
(1452, 8, 66, 74),
(1453, 8, 67, 79),
(1454, 8, 68, 0),
(1455, 8, 69, 0),
(1456, 8, 70, 0),
(1457, 8, 71, 84),
(1458, 8, 72, 0),
(1459, 8, 73, 78),
(1460, 8, 74, 0),
(1461, 8, 75, 0),
(1462, 8, 76, 0),
(1463, 8, 77, 0),
(1464, 9, 1, -50),
(1465, 9, 2, 27),
(1466, 9, 3, 74),
(1467, 9, 4, 49),
(1468, 9, 5, 56),
(1469, 9, 6, 53),
(1470, 9, 7, 47),
(1471, 9, 8, 55),
(1472, 9, 9, 54),
(1473, 9, 10, 46),
(1474, 9, 11, 59),
(1475, 9, 12, 57),
(1476, 9, 13, 62),
(1477, 9, 14, 127),
(1478, 9, 15, 79),
(1479, 9, 16, 67),
(1480, 9, 17, 20),
(1481, 9, 18, 5),
(1482, 9, 19, 67),
(1483, 9, 20, 68),
(1484, 9, 21, 53),
(1485, 9, 22, 0),
(1486, 9, 23, 0),
(1487, 9, 24, 0),
(1488, 9, 25, 0),
(1489, 9, 26, 0),
(1490, 9, 27, 53),
(1491, 9, 28, 77),
(1492, 9, 29, 46),
(1493, 9, 30, 0),
(1494, 9, 31, 0),
(1495, 9, 32, 0),
(1496, 9, 33, 0),
(1497, 9, 34, 62),
(1498, 9, 35, 0),
(1499, 9, 36, 0),
(1500, 9, 37, 0),
(1501, 9, 38, 0),
(1502, 9, 39, 0),
(1503, 9, 40, 0),
(1504, 9, 41, 0),
(1505, 9, 42, 0),
(1506, 9, 43, 0),
(1507, 9, 44, 0),
(1508, 9, 45, 0),
(1509, 9, 46, 57),
(1510, 9, 47, 47),
(1511, 9, 48, 0),
(1512, 9, 49, 0),
(1513, 9, 50, 0),
(1514, 9, 51, 0),
(1515, 9, 52, 0),
(1516, 9, 53, 0),
(1517, 9, 54, 0),
(1518, 9, 55, 0),
(1519, 9, 56, 0),
(1520, 9, 57, 0),
(1521, 9, 58, 84),
(1522, 9, 59, 84),
(1523, 9, 60, 84),
(1524, 9, 61, 73),
(1525, 9, 62, 84),
(1526, 9, 63, 0),
(1527, 9, 64, 0),
(1528, 9, 65, 0),
(1529, 9, 66, 0),
(1530, 9, 67, 0),
(1531, 9, 68, 0),
(1532, 9, 69, 0),
(1533, 9, 70, 0),
(1534, 9, 71, 0),
(1535, 9, 72, 0),
(1536, 9, 73, 0),
(1537, 9, 74, 0),
(1538, 9, 75, 0),
(1539, 9, 76, 0),
(1540, 9, 77, 0),
(1541, 10, 1, -10),
(1542, 10, 2, 27),
(1543, 10, 3, 102),
(1544, 10, 4, 94),
(1545, 10, 5, 106),
(1546, 10, 6, 82),
(1547, 10, 7, 95),
(1548, 10, 8, 85),
(1549, 10, 9, 94),
(1550, 10, 10, 79),
(1551, 10, 11, 78),
(1552, 10, 12, 116),
(1553, 10, 13, 115),
(1554, 10, 14, 83),
(1555, 10, 15, 72),
(1556, 10, 16, 70),
(1557, 10, 17, 17),
(1558, 10, 18, 8),
(1559, 10, 19, 97),
(1560, 10, 20, 76),
(1561, 10, 21, 67),
(1562, 10, 22, 0),
(1563, 10, 23, 0),
(1564, 10, 24, 0),
(1565, 10, 25, 0),
(1566, 10, 26, 0),
(1567, 10, 27, 66),
(1568, 10, 28, 71),
(1569, 10, 29, 69),
(1570, 10, 30, 0),
(1571, 10, 31, 0),
(1572, 10, 32, 0),
(1573, 10, 33, 0),
(1574, 10, 34, 92),
(1575, 10, 35, 0),
(1576, 10, 36, 65),
(1577, 10, 37, 0),
(1578, 10, 38, 67),
(1579, 10, 39, 0),
(1580, 10, 40, 0),
(1581, 10, 41, 0),
(1582, 10, 42, 0),
(1583, 10, 43, 0),
(1584, 10, 44, 0),
(1585, 10, 45, 0),
(1586, 10, 46, 0),
(1587, 10, 47, 62),
(1588, 10, 48, 52),
(1589, 10, 49, 0),
(1590, 10, 50, 48),
(1591, 10, 51, 50),
(1592, 10, 52, 66),
(1593, 10, 53, 0),
(1594, 10, 54, 0),
(1595, 10, 55, 48),
(1596, 10, 56, 0),
(1597, 10, 57, 0),
(1598, 10, 58, 69),
(1599, 10, 59, 69),
(1600, 10, 60, 69),
(1601, 10, 61, 93),
(1602, 10, 62, 69),
(1603, 10, 63, 0),
(1604, 10, 64, 0),
(1605, 10, 65, 0),
(1606, 10, 66, 55),
(1607, 10, 67, 0),
(1608, 10, 68, 0),
(1609, 10, 69, 0),
(1610, 10, 70, 0),
(1611, 10, 71, 0),
(1612, 10, 72, 0),
(1613, 10, 73, 0),
(1614, 10, 74, 0),
(1615, 10, 75, 0),
(1616, 10, 76, 0),
(1617, 10, 77, 0),
(1618, 11, 1, -25),
(1619, 11, 2, 28),
(1620, 11, 3, 101),
(1621, 11, 4, 75),
(1622, 11, 5, 80),
(1623, 11, 6, 78),
(1624, 11, 7, 101),
(1625, 11, 8, 77),
(1626, 11, 9, 89),
(1627, 11, 10, 73),
(1628, 11, 11, 73),
(1629, 11, 12, 76),
(1630, 11, 13, 82),
(1631, 11, 14, 97),
(1632, 11, 15, 71),
(1633, 11, 16, 73),
(1634, 11, 17, 16),
(1635, 11, 18, 8),
(1636, 11, 19, 68),
(1637, 11, 20, 73),
(1638, 11, 21, 63),
(1639, 11, 22, 0),
(1640, 11, 23, 0),
(1641, 11, 24, 66),
(1642, 11, 25, 0),
(1643, 11, 26, 0),
(1644, 11, 27, 60),
(1645, 11, 28, 82),
(1646, 11, 29, 84),
(1647, 11, 30, 54),
(1648, 11, 31, 56),
(1649, 11, 32, 0),
(1650, 11, 33, 0),
(1651, 11, 34, 62),
(1652, 11, 35, 0),
(1653, 11, 36, 0),
(1654, 11, 37, 0),
(1655, 11, 38, 0),
(1656, 11, 39, 0),
(1657, 11, 40, 0),
(1658, 11, 41, 0),
(1659, 11, 42, 0),
(1660, 11, 43, 0),
(1661, 11, 44, 0),
(1662, 11, 45, 0),
(1663, 11, 46, 0),
(1664, 11, 47, 62),
(1665, 11, 48, 0),
(1666, 11, 49, 0),
(1667, 11, 50, 44),
(1668, 11, 51, 0),
(1669, 11, 52, 0),
(1670, 11, 53, 0),
(1671, 11, 54, 0),
(1672, 11, 55, 44),
(1673, 11, 56, 0),
(1674, 11, 57, 0),
(1675, 11, 58, 33),
(1676, 11, 59, 33),
(1677, 11, 60, 33),
(1678, 11, 61, 58),
(1679, 11, 62, 33),
(1680, 11, 63, 0),
(1681, 11, 64, 0),
(1682, 11, 65, 0),
(1683, 11, 66, 0),
(1684, 11, 67, 0),
(1685, 11, 68, 0),
(1686, 11, 69, 0),
(1687, 11, 70, 0),
(1688, 11, 71, 0),
(1689, 11, 72, 0),
(1690, 11, 73, 0),
(1691, 11, 74, 0),
(1692, 11, 75, 0),
(1693, 11, 76, 0),
(1694, 11, 77, 0);

-- --------------------------------------------------------

--
-- Table structure for table `char_traits`
--

CREATE TABLE `char_traits` (
  `ID` int(11) NOT NULL,
  `CharacterID` int(11) NOT NULL,
  `Memory` tinyint(4) NOT NULL,
  `Logic` tinyint(4) NOT NULL,
  `Perception` tinyint(4) NOT NULL,
  `Willpower` tinyint(4) NOT NULL,
  `Charisma` tinyint(4) NOT NULL,
  `Strength` tinyint(4) NOT NULL,
  `Endurance` tinyint(4) NOT NULL,
  `Agility` tinyint(4) NOT NULL,
  `Speed` tinyint(4) NOT NULL,
  `Beauty` tinyint(4) NOT NULL,
  `Sequence` tinyint(4) NOT NULL,
  `Actions` tinyint(4) NOT NULL
) ENGINE=InnoDB DEFAULT CHARSET=latin1;

--
-- Dumping data for table `char_traits`
--

INSERT INTO `char_traits` (`ID`, `CharacterID`, `Memory`, `Logic`, `Perception`, `Willpower`, `Charisma`, `Strength`, `Endurance`, `Agility`, `Speed`, `Beauty`, `Sequence`, `Actions`) VALUES
(1, 1, 9, 11, 11, 14, 12, 10, 10, 14, 16, 11, 13, 8),
(2, 2, 14, 10, 14, 14, 10, 14, 12, 17, 16, 5, 15, 8),
(3, 3, 17, 10, 10, 14, 16, 11, 11, 16, 12, 17, 11, 6),
(4, 4, 14, 16, 14, 10, 8, 13, 8, 14, 8, 13, 11, 4),
(5, 5, 12, 14, 14, 12, 8, 14, 10, 17, 14, 9, 14, 7),
(6, 6, 16, 16, 14, 19, 10, 10, 13, 12, 18, 12, 16, 9),
(7, 7, 20, 6, 13, 6, 6, 18, 16, 16, 12, 15, 12, 6),
(8, 8, 8, 13, 7, 8, 12, 11, 10, 10, 10, 12, 8, 5),
(9, 9, 11, 8, 9, 12, 14, 8, 9, 12, 8, 11, 8, 4),
(10, 10, 18, 12, 9, 12, 19, 12, 13, 15, 16, 13, 12, 8),
(11, 10, 18, 12, 9, 12, 19, 12, 13, 15, 16, 13, 12, 8),
(12, 12, 5, 13, 15, 16, 15, 11, 20, 16, 10, 9, 12, 5),
(13, 13, 8, 6, 10, 9, 7, 15, 12, 6, 4, 9, 7, 2),
(14, 12, 8, 15, 15, 10, 13, 10, 12, 16, 15, 10, 15, 7),
(15, 15, 19, 16, 8, 12, 13, 10, 14, 16, 11, 11, 9, 5),
(16, 16, 17, 11, 7, 6, 8, 4, 14, 19, 9, 8, 8, 4),
(17, 6, 16, 16, 14, 19, 10, 10, 13, 12, 18, 12, 16, 9),
(18, 7, 12, 14, 12, 12, 8, 11, 11, 9, 13, 13, 12, 6),
(19, 8, 19, 14, 10, 10, 19, 14, 12, 11, 12, 10, 11, 6),
(20, 9, 4, 12, 15, 14, 20, 7, 8, 10, 13, 8, 14, 6),
(21, 10, 8, 15, 12, 18, 17, 14, 18, 18, 16, 12, 14, 8),
(22, 11, 7, 15, 13, 8, 7, 14, 11, 15, 17, 8, 15, 8);

-- --------------------------------------------------------

--
-- Table structure for table `games`
--

CREATE TABLE `games` (
  `ID` int(11) NOT NULL,
  `GameName` varchar(30) NOT NULL,
  `Description` text NOT NULL,
  `TxtFile` varchar(30) NOT NULL,
  `Picture` varchar(120) DEFAULT NULL,
  `StorytellerPassword` varchar(30) NOT NULL,
  `PlayerPassword` varchar(30) NOT NULL,
  `Locked` bit(1) NOT NULL,
  `StorytellerActive` bit(1) NOT NULL,
  `StorytellerID` int(30) NOT NULL
) ENGINE=InnoDB DEFAULT CHARSET=latin1;

--
-- Dumping data for table `games`
--

INSERT INTO `games` (`ID`, `GameName`, `Description`, `TxtFile`, `Picture`, `StorytellerPassword`, `PlayerPassword`, `Locked`, `StorytellerActive`, `StorytellerID`) VALUES
(4, 'Checking it Twice!', 'Its 5:30 AM and I am still fucking around with this shit!  Why do I hate myself so?  Drive on ---&gt;', 'Checking it Twice!.txt', NULL, 'Twice', 'Checkin@', b'0', b'0', 0),
(7, 'reference', 'reference', 'reference.txt', NULL, 'ref', 'ref', b'0', b'0', 0);

-- --------------------------------------------------------

--
-- Table structure for table `game_participants`
--

CREATE TABLE `game_participants` (
  `ID` int(11) NOT NULL,
  `GameID` int(11) NOT NULL,
  `UserID` int(11) NOT NULL,
  `CharacterID` int(11) NOT NULL,
  `PlayerActive` bit(1) NOT NULL,
  `Banned` bit(1) NOT NULL
) ENGINE=InnoDB DEFAULT CHARSET=latin1;

--
-- Dumping data for table `game_participants`
--

INSERT INTO `game_participants` (`ID`, `GameID`, `UserID`, `CharacterID`, `PlayerActive`, `Banned`) VALUES
(1, 3, 7, 6, b'0', b'0'),
(2, 3, 1, 4, b'0', b'0'),
(3, 3, 2, 2, b'0', b'0'),
(4, 0, 1, 4, b'0', b'0'),
(5, 11, 1, 4, b'0', b'0'),
(6, 0, 1, 10, b'0', b'0'),
(7, 0, 2, 2, b'0', b'0'),
(8, 2, 2, 2, b'0', b'0'),
(9, 0, 1, 8, b'0', b'0'),
(10, 0, 7, 7, b'0', b'0'),
(11, 0, 7, 6, b'0', b'0'),
(12, 4, 7, 6, b'0', b'0'),
(13, 4, 1, 4, b'0', b'0'),
(15, 4, 7, 7, b'0', b'0'),
(16, 4, 1, 10, b'0', b'0'),
(17, 4, 2, 2, b'0', b'0'),
(18, 8, 1, 4, b'0', b'0');

-- --------------------------------------------------------

--
-- Table structure for table `master_skills`
--

CREATE TABLE `master_skills` (
  `ID` int(11) NOT NULL,
  `TypeID` int(11) NOT NULL,
  `Name` varchar(20) NOT NULL
) ENGINE=InnoDB DEFAULT CHARSET=latin1;

--
-- Dumping data for table `master_skills`
--

INSERT INTO `master_skills` (`ID`, `TypeID`, `Name`) VALUES
(1, 1, 'OffHand'),
(2, 6, 'Gambling'),
(3, 1, 'Unarmed'),
(4, 1, 'Grapple'),
(5, 1, 'ShortWeapons'),
(6, 1, 'LongWeapons'),
(7, 1, 'TwoHandWeapons'),
(8, 1, 'ChainWeapons'),
(9, 1, 'Shield'),
(10, 1, 'Thrown'),
(11, 1, 'Archery'),
(12, 1, 'Pistols'),
(13, 1, 'Rifles'),
(14, 1, 'Burst'),
(15, 1, 'SpecialWeapons'),
(16, 1, 'WeaponSystems'),
(17, 1, 'Block'),
(18, 1, 'Dodge'),
(19, 2, 'Stealth'),
(20, 2, 'Concealment'),
(21, 2, 'Sleight'),
(22, 2, 'Lockpick'),
(23, 2, 'Forgery'),
(24, 2, 'Cryptography'),
(25, 2, 'Disguise'),
(26, 2, 'Restraints'),
(27, 3, 'EnvAware'),
(28, 3, 'Surveillance'),
(29, 3, 'Navigation'),
(30, 3, 'Preservation'),
(31, 3, 'Tracking'),
(32, 3, 'Trapping'),
(33, 3, 'Fishing'),
(34, 3, 'FirstAid'),
(35, 4, 'Skateboard'),
(36, 4, 'Bicycle'),
(37, 4, 'Horsemanship'),
(38, 4, 'Automobile'),
(39, 4, 'Motorcycle'),
(40, 4, 'Jet Ski'),
(41, 4, 'Sailing'),
(42, 4, 'Boating'),
(43, 4, 'Multi Gear'),
(44, 4, 'Heavy Equip'),
(45, 4, 'Helicopters'),
(46, 4, 'Airplanes'),
(47, 5, 'Crafting'),
(48, 5, 'Computers'),
(49, 5, 'Programming'),
(50, 5, 'Radios'),
(51, 5, 'Networks'),
(52, 5, 'Mechanics'),
(53, 5, 'Electrical'),
(54, 5, 'Circuitry'),
(55, 5, 'Explosives'),
(56, 5, 'Construction'),
(57, 5, 'Architecture'),
(58, 6, 'Negotiation'),
(59, 6, 'Guile'),
(60, 6, 'Etiquette'),
(61, 6, 'Animal Handling'),
(62, 6, 'Appraisal'),
(63, 6, 'Legal'),
(64, 7, 'History'),
(65, 7, 'Forensics'),
(66, 7, 'Biology'),
(67, 7, 'Chemistry'),
(68, 7, 'Botany'),
(69, 7, 'Mycology'),
(70, 7, 'Toxicology'),
(71, 7, 'Pharmacology'),
(72, 7, 'Surgery'),
(73, 7, 'Medicine'),
(74, 6, 'SecondLang'),
(75, 6, 'ThirdLang'),
(76, 6, 'FourthLang'),
(77, 6, 'FifthLang');

-- --------------------------------------------------------

--
-- Table structure for table `skill_types`
--

CREATE TABLE `skill_types` (
  `ID` int(11) NOT NULL,
  `Type` varchar(20) NOT NULL
) ENGINE=InnoDB DEFAULT CHARSET=latin1;

--
-- Dumping data for table `skill_types`
--

INSERT INTO `skill_types` (`ID`, `Type`) VALUES
(1, 'Combat'),
(2, 'Covert'),
(7, 'Science'),
(6, 'Soft'),
(3, 'Survival'),
(5, 'Technology'),
(4, 'Transportation');

-- --------------------------------------------------------

--
-- Table structure for table `users`
--

CREATE TABLE `users` (
  `ID` int(11) NOT NULL,
  `Username` varchar(30) NOT NULL,
  `Password` varchar(30) NOT NULL,
  `Email` varchar(20) DEFAULT NULL,
  `Active` bit(1) NOT NULL
) ENGINE=InnoDB DEFAULT CHARSET=latin1;

--
-- Dumping data for table `users`
--

INSERT INTO `users` (`ID`, `Username`, `Password`, `Email`, `Active`) VALUES
(1, 'Guest', 'guest', NULL, b'0'),
(2, 'Creator', 'admin', 'spears.ns@gmail.com', b'0'),
(3, 'Molly', 'MTVShell', 'Spears.ns@gmail.com', b'0'),
(7, 'Nick', 'nick', 'spears.ns@gmail.com', b'0');

--
-- Indexes for dumped tables
--

--
-- Indexes for table `characters`
--
ALTER TABLE `characters`
  ADD PRIMARY KEY (`ID`);

--
-- Indexes for table `char_abilities`
--
ALTER TABLE `char_abilities`
  ADD PRIMARY KEY (`ID`);

--
-- Indexes for table `char_id_marks`
--
ALTER TABLE `char_id_marks`
  ADD PRIMARY KEY (`ID`);

--
-- Indexes for table `char_skills`
--
ALTER TABLE `char_skills`
  ADD PRIMARY KEY (`ID`);

--
-- Indexes for table `char_traits`
--
ALTER TABLE `char_traits`
  ADD PRIMARY KEY (`ID`);

--
-- Indexes for table `games`
--
ALTER TABLE `games`
  ADD PRIMARY KEY (`ID`);

--
-- Indexes for table `game_participants`
--
ALTER TABLE `game_participants`
  ADD PRIMARY KEY (`ID`);

--
-- Indexes for table `master_skills`
--
ALTER TABLE `master_skills`
  ADD PRIMARY KEY (`ID`);

--
-- Indexes for table `skill_types`
--
ALTER TABLE `skill_types`
  ADD PRIMARY KEY (`ID`),
  ADD UNIQUE KEY `Type` (`Type`);

--
-- Indexes for table `users`
--
ALTER TABLE `users`
  ADD PRIMARY KEY (`ID`);

--
-- AUTO_INCREMENT for dumped tables
--

--
-- AUTO_INCREMENT for table `characters`
--
ALTER TABLE `characters`
  MODIFY `ID` int(11) NOT NULL AUTO_INCREMENT, AUTO_INCREMENT=12;

--
-- AUTO_INCREMENT for table `char_abilities`
--
ALTER TABLE `char_abilities`
  MODIFY `ID` int(11) NOT NULL AUTO_INCREMENT, AUTO_INCREMENT=353;

--
-- AUTO_INCREMENT for table `char_id_marks`
--
ALTER TABLE `char_id_marks`
  MODIFY `ID` int(11) NOT NULL AUTO_INCREMENT, AUTO_INCREMENT=23;

--
-- AUTO_INCREMENT for table `char_skills`
--
ALTER TABLE `char_skills`
  MODIFY `ID` int(11) NOT NULL AUTO_INCREMENT, AUTO_INCREMENT=1695;

--
-- AUTO_INCREMENT for table `char_traits`
--
ALTER TABLE `char_traits`
  MODIFY `ID` int(11) NOT NULL AUTO_INCREMENT, AUTO_INCREMENT=23;

--
-- AUTO_INCREMENT for table `games`
--
ALTER TABLE `games`
  MODIFY `ID` int(11) NOT NULL AUTO_INCREMENT, AUTO_INCREMENT=10;

--
-- AUTO_INCREMENT for table `game_participants`
--
ALTER TABLE `game_participants`
  MODIFY `ID` int(11) NOT NULL AUTO_INCREMENT, AUTO_INCREMENT=19;

--
-- AUTO_INCREMENT for table `master_skills`
--
ALTER TABLE `master_skills`
  MODIFY `ID` int(11) NOT NULL AUTO_INCREMENT, AUTO_INCREMENT=78;

--
-- AUTO_INCREMENT for table `skill_types`
--
ALTER TABLE `skill_types`
  MODIFY `ID` int(11) NOT NULL AUTO_INCREMENT, AUTO_INCREMENT=8;

--
-- AUTO_INCREMENT for table `users`
--
ALTER TABLE `users`
  MODIFY `ID` int(11) NOT NULL AUTO_INCREMENT, AUTO_INCREMENT=8;
COMMIT;

/*!40101 SET CHARACTER_SET_CLIENT=@OLD_CHARACTER_SET_CLIENT */;
/*!40101 SET CHARACTER_SET_RESULTS=@OLD_CHARACTER_SET_RESULTS */;
/*!40101 SET COLLATION_CONNECTION=@OLD_COLLATION_CONNECTION */;
